0;60;
1;62;
2;64;
3;68;
4;65;
5;68;
6;72;
7;80;
8;83;
9;84;
10;81;
11;83;
12;85;
13;87;
14;89;
15;91;
16;93;
17;95;
18;97;
19;99;
20;101;
21;103;
22;105;
23;90.54558325;76.62152005
24;98.70804146;89.3878665
25;14.69104426;1.944385419
26;86.1691049;65.70897911
27;109.9832318;105.1853154
28;31.69597723;8.586623698
29;78.97243222;52.40878194
30;119.5518265;118.1209853
31;49.69663037;20.07930952
32;68.92833516;38.0089231
33;126.9888062;126.9776135
34;68.25166651;36.11077505
35;56.0919297;24.0175922
36;131.9065875;130.8221641
37;86.877648;55.90907943
38;40.60249528;12.03330382
39;133.9675587;129.117315
40;105.0609556;78.28230069
41;22.68304164;3.598044601
42;132.8956244;121.8017034
43;122.2708872;101.7018357
44;2.637586841;0.046690365
45;128.4864322;109.329558
46;137.9736172;124.4230003
47;19.15383403;2.366899083
48;120.6159818;92.66379027
49;151.6466718;144.6334155
50;42.24235145;11.08333078
51;109.2473557;73.22076515
52;162.7935527;160.6166109
53;66.11950008;26.178373
54;94.43534926;52.76943899
55;170.9581346;170.9162795
56;90.22832336;47.05867247
57;76.32883217;33.2919464
58;175.7384587;174.4859089
59;113.9761033;72.57291686
60;55.17072242;16.81662217
61;176.7995519;170.8091888
62;136.7484289;101.0817989
63;31.29551596;5.237482989
64;173.8849212;159.9786552
65;157.9242778;130.5763221
66;5.124372727;0.13605801
67;166.8263959;142.7233147
68;176.8917531;158.8360016
69;22.84217794;2.621935142
70;155.552027;120.3802642
71;193.0640946;183.6145056
72;52.03378937;13.20739139
73;140.0917951;94.8101983
74;205.8955684;202.8372493
75;81.82192507;31.72903992
76;120.5809267;68.26178345
77;214.8968341;214.7937177
78;111.5333249;57.32572615
79;97.26067445;43.19469769
80;219.6493925;218.3070391
81;140.4650227;88.47723143
82;70.47647605;22.07526078
83;219.8187327;212.8646486
84;167.9005833;123.1030824
85;40.67346821;7.16160613
86;215.1658182;198.6966923
87;193.1271916;158.7153708
88;8.389397748;0.296970441
89;205.556588;176.7929325
90;215.4531959;192.6144383
91;25.75496536;2.729704693
92;190.9691871;148.8540017
93;234.2256889;222.1120378
94;61.06774438;14.97698556
95;171.4986904;117.1784893
96;248.8476996;244.7635478
97;96.79997345;36.74601906
98;147.3591411;84.49306018
99;258.7945701;258.589303
100;132.1614323;66.92200841
101;118.882782;53.73808313
102;263.6290997;262.2652914
103;166.3379646;103.6266609
104;86.51642645;27.82562099
105;263.0150618;255.2653976
106;198.5099025;144.3449868
107;50.81497975;9.389680609
108;256.728726;237.9409341
109;227.8711873;186.1121075
110;12.43219254;0.550033493
111;244.66806;211.5281257
112;253.6487472;225.7462701
113;27.89120699;2.710520653
114;226.8593323;178.0801269
115;275.1216822;260.1097595
116;69.34178826;16.41052423
117;203.4608926;140.3265587
118;291.6397942;286.3763285
119;111.0498263;41.24436096
120;174.7639664;101.4699135
121;302.6410131;302.2824515
122;152.1075119;75.85801701
123;141.1903716;64.93394477
124;307.6672789;306.3403059
125;191.5885828;118.0263185
126;103.2871284;34.08380479
127;306.3784712;297.992913
128;228.5689542;164.8068354
129;61.71801206;11.94079314
130;298.56401;277.6961622
131;262.147894;212.7601187
132;17.25216582;0.915806848
133;284.1518023;246.9181857
134;291.4692646;258.2198548
135;29.2500351;2.58478717
136;263.2142578;208.0532899
137;315.7423423;297.5917215
138;76.85361145;17.52663974
139;235.9711645;164.2548391
140;334.2617239;327.6565984
141;124.5677783;45.23945014
142;202.7892775;119.1985248
143;346.4258402;345.8526305
144;171.3665363;84.14466978
145;164.1785519;76.79372335
146;351.7536181;350.511637
147;216.2106278;131.6817903
148;120.7850218;40.8656064
149;349.8988647;341.0284554
150;258.0703911;184.4884398
151;73.38040695;14.83384056
152;340.6619912;317.946828
153;295.9490131;238.6534561
154;22.84860445;1.414793293
155;323.9987456;282.9519869
156;328.9056628;290.0239545
157;29.83070358;2.372989003
158;300.0256844;238.7676692
159;356.0779783;334.5422867
160;83.60102344;18.34417617
161;269.0221819;188.963275
162;376.7033851;368.5855593
163;137.3502381;48.74699714
164;231.4288507;137.684609
165;390.1387363;389.2793697
166;189.9335845;91.79329908
167;187.8423238;89.32845219
168;395.8777956;394.7587634
169;240.1979472;144.5991324
170;139.0064317;48.18650384
171;393.5661198;384.3530785
172;287.0069518;203.3900997
173;85.7998869;18.08751988
174;383.0129475;358.677061
175;329.2663186;263.7866389
176;29.2206735;2.06742799
177;364.1997619;319.6179918
178;365.948915;321.147742
179;29.63258807;2.095680849
180;337.2852596;270.2169748
181;396.1189422;370.9461381
182;89.58195301;18.88217954
183;302.6065343;214.4513223
184;418.9547004;409.1446177
185;149.3937286;51.78303051
186;260.676365;156.9334117
187;433.7693952;432.5422717
188;207.8038434;98.81564603
189;212.1765817;102.5487513
190;440.0294819;439.0610996
191;263.544487;156.7848682
192;157.9475692;56.06165079
193;437.3700889;427.947639
194;315.3714618;221.5126034
195;98.97405527;21.72031844
196;425.6071152;399.8706766
197;362.0916585;288.1546575
198;36.36741639;2.894067779
199;404.7456658;356.904257
200;402.590054;351.5808061
201;28.65518608;1.773476651
202;374.9845592;302.3944508
203;435.85563;406.7882873
204;94.79444852;19.159888
205;336.7167262;240.7179484
206;461.0056202;449.315395
207;160.6948881;54.36388854
208;290.5254027;176.9497057
209;477.3075214;475.6210229
210;224.9726073;105.2238546
211;237.1761134;116.4648215
212;484.1983405;483.3980061
213;286.2442919;168.2459848
214;177.6045317;64.50586848
215;481.3006004;471.7928064
216;343.1568348;238.8572277
217;112.9003967;25.75050417
218;468.4346901;441.5111849
219;394.416956;311.7529763
220;44.28775496;3.914980517
221;445.6272153;394.7984395
222;438.8201733;381.3131574
223;26.89811703;1.427038856
224;413.1150877;335.2928795
225;475.2784827;442.0540823
226;99.2366782;19.19672183
227;371.3451775;267.7616327
228;502.8461233;489.0797364
229;171.2504699;56.50621086
230;320.9694503;197.7377889
231;520.7428312;518.495404
232;241.4352797;111.0304653
233;262.8356015;131.0864391
234;528.3740296;527.7488
235;308.2915064;178.9899301
236;197.9733037;73.53363783
237;525.3474603;515.869073
238;370.3560728;255.4257368
239;127.5762772;30.19611597
240;511.4858288;483.5817987
241;426.2342103;334.577536
242;52.9804896;5.150334455
243;486.8351138;433.2878027
244;474.6304283;410.3352341
245;24.36112234;1.077067662
246;451.6682798;368.904584
247;514.377988;476.7292153
248;102.9069304;19.01227348
249;406.4842251;295.5803672
250;544.466219;528.4197212
251;181.0573433;58.22692998
252;352.0018992;219.3014815
253;564.0650542;561.1453004
254;257.187373;116.2484092
255;289.1496235;146.4229506
256;572.5462035;572.0927665
257;329.6803755;189.0246087
258;219.0497567;83.15909168
259;569.5004535;560.1567643
260;396.9622679;271.2203824
261;142.9989449;35.0749541
262;554.7506501;526.0654423
263;457.5354979;356.6247561
264;62.44429941;6.620187655
265;528.3600105;472.3592229
266;510.0120377;438.6379066
267;21.04406547;0.744290238
268;490.6355016;403.2214328
269;553.1446813;510.7997302
270;105.8036138;18.62629734
271;442.1261236;324.171657
272;585.8559478;567.3176719
273;190.112494;59.54326257
274;383.6160467;241.6441236
275;607.2639341;603.5507131
276;272.2245096;120.891001
277;316.1126529;162.4832672
278;616.7045137;616.4091689
279;350.4052456;198.3583783
280;240.8296503;93.39600721
281;613.7493448;604.6360486
282;422.9686028;286.2439024
283;159.1655299;40.40457083
284;598.2192359;568.9447603
285;488.3129734;377.8915373
286;72.67774235;8.344477461
287;570.192502;511.9991959
288;544.9562842;466.212483
289;16.94693196;0.449449926
290;530.0080513;438.2348432
291;591.569147;544.2520306
292;107.9252578;18.05869963
293;478.2630462;353.5325214
294;627.005383;605.7561639
295;198.4130241;60.47270068
296;415.8050966;264.7685733
297;650.329231;645.6917691
298;286.5424223;124.9719327
299;343.7190595;179.2758602
300;660.8386102;660.6772598
301;370.4605649;207.0000454
302;263.3086326;104.2577985
303;658.0838807;649.2869476
304;448.3683517;300.4995199
305;176.073045;46.20226106
306;641.8816332;612.2021263
307;518.5588709;398.375263
308;83.67925537;10.34301001
309;612.3231336;552.1938438
310;579.454516;493.0507138
311;12.06982947;0.213295437
312;569.7771609;473.9357855
313;629.6420198;577.0728865
314;109.2705123;17.32952808
315;514.8870858;383.6594951
316;667.9046322;643.7180342
317;205.956153;61.03300282
318;448.5621606;288.677205
319;693.2507219;687.5487317
320;300.1369551;128.5052665
321;371.9631106;196.8087563
322;704.9381432;704.8762918
323;389.8408844;214.9588616
324;286.4822406;115.7575094
325;702.4937904;694.0893468
326;473.1548813;313.9909421
327;193.7183858;52.48505314
328;685.7278545;655.8196519
329;548.2655045;418.0738016
330;95.44715466;12.63544984
331;654.7424001;592.9289219
332;613.4981479;519.1447965
333;6.412987765;0.05657003
334;609.9339967;510.3147878
335;667.3539857;609.2494421
336;109.8381484;16.45896159
337;551.9902562;414.5486298
338;708.5438381;681.1863914
339;212.7392174;61.2421849
340;481.8802585;313.3719075
341;736.0182024;729.1020111
342;313.0040633;131.5054277
343;400.8389713;215.0895327
344;748.9927643;748.9855287
345;408.5408588;222.2445184
346;310.3459007;127.9078062
347;746.9687873;739.0230056
348;497.3216515;326.7223581
349;212.0983313;59.2696998
350;729.7478799;699.779196
351;577.4252698;436.9855074
352;107.9796358;15.24130947
353;697.4407477;634.189826
354;647.0786623;544.4873799
355;0.023241296;7.00594E-07
356;650.4696609;547.3619401
357;704.6957835;640.7692223
358;109.6270584;15.4672998
359;589.5644927;446.1954956
360;748.91318;718.1446238
361;218.7596721;61.11851101
362;515.7523196;338.854083
363;778.621488;770.3321747
364;325.1398145;133.9871977
365;430.3407055;234.1253133
366;792.9921276;792.9842554
367;426.5552469;228.8671429
368;334.8949297;140.720971
369;791.4985702;784.0675678
370;520.8622166;338.6984378
371;231.2095442;66.57266915
372;773.9316578;744.0623738
373;606.0306447;455.1092222
374;121.2747739;18.17993916
375;740.4085744;675.9615993
376;680.1876104;569.0715687
377;7.238383754;0.064287361
378;691.3751925;585.0668994
379;741.6582059;671.6201397
380;108.636256;14.37495264
381;627.6016538;478.5951832
382;789.0028753;754.5764089
383;224.0150897;60.68048415
384;550.1711835;365.1246455
385;821.0504153;811.2199572
386;336.540389;135.9657064
387;460.4622765;253.9227641
388;836.9258915;836.8517897
389;443.8789122;234.8372928
390;360.1245347;154.2088948
391;836.0728248;829.2025723
392;543.7702258;349.9243296
393;251.0485712;74.41013592
394;818.2691067;788.6505664
395;634.0741904;472.4442761
396;135.330524;21.47051668
397;783.6362321;718.2289407
398;712.8166135;592.890927
399;15.2318436;0.270092037
400;732.6415686;623.4188944
401;778.2321007;701.7905013
402;106.8648761;13.20242976
403;666.0935213;511.7423058
404;828.8031807;790.4657219
405;228.5031616;59.9468368
406;585.1296008;392.1840203
407;863.2948435;851.7462707
408;347.2020803;137.4564248
409;491.1975478;274.4880899
410;880.7837197;880.5674925
411;460.5068241;240.1659513
412;386.0298146;168.383071
413;880.6812251;874.4074636
414;566.0394244;360.405658
415;271.6118438;82.7979727
416;862.750116;833.5249303
417;661.5485525;488.9904886
418;150.1447212;25.13203714
419;827.1140272;760.9762113
420;744.9573636;615.9394823
421;24.00290283;0.638028067
422;774.2597057;662.4067314
423;814.4083721;731.2690149
424;104.3121756;11.97033
425;705.0318025;545.6310017
426;868.3043932;825.7968447
427;232.221698;58.93652135
428;620.6202343;420.0321431
429;905.3446559;891.8922155
430;357.1212955;138.4751571
431;522.5402842;295.8270299
432;924.5552826;924.110779
433;476.4340582;244.8645219
434;412.6057599;183.2545889
435;925.3134343;919.6616023
436;587.6636543;370.1485216
437;292.8956781;91.75174143
438;907.364548;878.6664065
439;688.4464618;504.7481691
440;165.715081;29.18330293
441;870.8322222;804.1874435
442;776.6016251;638.2117292
443;33.55072149;1.188649327
444;816.2204604;702.0187987
445;850.1779816;760.0447955
446;100.9775329;10.69933069
447;744.4081301;580.2549364
448;907.4968516;860.5543736
449;235.1686284;57.66870051
450;961;
451;963;
452;965;
453;967;
454;969;
455;971;
456;973;
457;975;
458;977;
459;979;
460;981;
461;983;
462;985;
463;987;
464;989;
465;991;
466;993;
467;995;
468;997;
469;999;
470;1001;
471;1003;
472;1005;
473;1007;
474;1009;
475;1011;
476;1013;
477;1015;
478;1017;
479;1019;
480;1021;
481;1023;
482;1025;
483;1027;
484;1029;
485;1031;
486;1033;
487;1035;
488;1037;
489;1039;
490;1041;
491;1043;
492;1045;
493;1047;
494;1049;
495;1051;
496;1053;
497;1055;
498;1057;
499;1059;
500;1061;
501;1063;
502;1065;
503;1067;
504;1069;
505;1071;
506;1073;
507;1075;
508;1077;
509;1079;
510;1081;
511;1083;
512;1085;
513;1087;
514;1089;
515;1091;
516;1093;
517;1095;
518;1097;
519;1099;
520;1101;
521;1103;
522;1105;
523;1107;
524;1109;
525;1111;
526;1113;
527;1115;
528;1117;
529;1119;
530;1121;
531;1123;
532;1125;
533;1127;
534;1129;
535;1131;
536;1133;
537;1135;
538;1137;
539;1139;
540;1141;
541;1143;
542;1145;
543;1147;
544;1149;
545;1151;
546;1153;
547;1155;
548;1157;
549;1159;
550;1161;
551;1163;
552;1165;
553;1167;
554;1169;
555;1171;
556;1173;
557;1175;
558;1177;
559;1179;
560;1181;
561;1183;
562;1185;
563;1187;
564;1189;
565;1191;
566;1193;
567;1195;
568;1197;
569;1199;
570;1201;
571;1203;
572;1205;
573;1207;
574;1209;
575;1211;
576;1213;
577;1215;
578;1217;
579;1219;
580;1221;
581;1223;
582;1225;
583;1227;
584;1229;
585;1231;
586;1233;
587;1235;
588;1237;
589;1239;
590;1241;
591;1243;
592;1245;
593;1247;
594;1249;
595;1251;
596;1253;
597;1255;
598;1257;
599;1259;
600;1261;
601;1263;
602;1265;
603;1267;
604;1269;
605;1271;
606;1273;
607;1275;
608;1277;
609;1279;
610;1281;
611;1283;
612;1285;
613;1287;
614;1289;
615;1291;
616;1293;
617;1295;
618;1297;
619;1299;
620;1301;
621;1303;
622;1305;
623;1307;
624;1309;
625;1311;
626;1313;
627;1315;
628;1317;
629;1319;
630;1321;
631;1323;
632;1325;
633;1327;
634;1329;
635;1331;
636;1333;
637;1335;
638;1337;
639;1339;
640;1341;
641;1343;
642;1345;
643;1347;
644;1349;
645;1351;
646;1353;
647;1355;
648;1357;
649;1359;
